,country_name,code,1960,1961,1962,1963,1964,1965,1966,1967,1968,1969,1970,1971,1972,1973,1974,1975,1976,1977,1978,1979,1980,1981,1982,1983,1984,1985,1986,1987,1988,1989,1990,1991,1992,1993,1994,1995,1996,1997,1998,1999,2000,2001,2002,2003,2004,2005,2006,2007,2008,2009,2010,2011,2012,2013,2014,2015,2016,2017,2018,2019,2020,unnamed:_65
4,Angola,AGO,,,,,,,,,,,,,,,,,,,,,,-7.71027785396241,-3.49038324819773,0.548516268830483,2.28850779793871,-0.107614902760872,-0.670777628829072,0.488466542816624,2.4966296357011,-3.33595391564026,-6.65746725814343,-2.31086799729711,-8.87693119524158,-26.4117713544843,-1.87789751012431,11.3595386650654,9.95278659158234,3.87785809963763,1.36474401726814,-1.08529845116867,-0.267956297993877,0.822138301563214,9.94375774324121,-0.43183389028259,7.18706369608022,11.0307829426052,7.58231872566577,9.89004908967451,7.11684790462024,-2.80859959622148,0.640263325028357,-0.220842987712189,4.7065188600379,1.29199384519865,1.2198806209574,-2.46873730689103,-5.81618754909985,-3.40998337557743,-5.16211179066241,-3.7956079652012,-8.39624119385249,
8,United Arab Emirates,ARE,,,,,,,,,,,,,,,,,0.154395318524962,5.35067952701831,-13.3860404602886,8.43164646676371,13.2121400563276,-2.6987336942244,-12.1820232275995,-9.68052433618057,-1.2493706051328,-8.68902715204911,-19.6748189208723,-2.49252311589997,-8.21745806286394,5.9187171246771,11.6777689161566,-4.80063554272371,-2.48118749373106,-4.34175105789512,1.24742436850995,1.35494771881514,0.630737901066453,2.83466487200788,-4.76511125165072,-2.3994883205427,4.9091597030279,-3.77890533210494,-2.75030295382335,1.96632118700073,-0.0380101659582976,-7.02036305064239,-4.9166693070077,-11.3456527143693,-10.2086460930316,-15.1512246817973,-5.91493077766168,2.18634402990557,2.25709897595851,4.40993826131566,4.22567716724525,4.50781768694726,1.90520573929507,1.01143077389321,-0.320590314360061,1.93443148259161,-7.2721729746159,
9,Argentina,ARG,,3.72877851709588,-2.42584315296762,-6.78823959363918,8.43724398819489,8.89680927941254,-2.13647776603487,1.67843470312449,3.28693767970643,8.05027928080592,1.47949440860586,4.00746532181198,0.0058359506333687,1.15692075574981,3.85175778367291,-1.58782938560111,-3.50639094469648,5.34299004669241,-5.91640145293687,8.57769017081557,-0.0296099981834743,-6.66849781956685,-2.3077661380714,2.68198183570003,-0.0518465917889301,-6.69259067380369,4.48432686155165,1.10606452417427,-2.60323622749577,-8.54086201224274,-3.87408535421757,7.61432641480513,6.48763181805525,6.80292690150243,4.50545680141448,-4.03215881088221,4.27458646483123,6.86473336181048,2.68100281607806,-4.4551784591153,-1.87493636731784,-5.44704817261687,-11.8547817184023,7.67653404752819,7.88493750549884,7.72948899640498,6.95553357619964,7.9242108884188,3.02950065191851,-6.85422505520184,9.30012292248985,4.78868313859435,-2.14528444981812,1.26568517537076,-3.57858050983289,1.62966427946263,-3.11006389821465,1.75764818265694,-3.60160975657155,-2.99438788864292,-10.7651077297352,
13,Australia,AUS,,0.464272841729567,-1.14783926662849,4.19734994414505,4.8997060158038,3.92418569443652,0.0708806264874511,4.97023712595779,3.25731723061205,4.82636441362362,5.08488123486703,0.542875961259725,2.01650232004111,1.06226509266496,1.50339189733786,0.0956650322482062,1.56782593896072,2.43226026838195,-0.272382968871057,2.93241749918668,1.78708039101825,1.71191514327921,1.61420796983991,-3.43711705686596,3.41834533995349,3.82274903959301,2.33980885428716,0.999993493461133,4.0275705632889,2.12125930120597,2.05192904909737,-1.6565726788688,-0.797268925185989,3.02073114445136,2.8856358598897,2.58704322529762,2.49888469053339,2.75232027591224,3.52934917138184,3.74459075244904,2.68086499604787,0.671692881827951,2.75267950015518,1.8457654959213,3.00431491364444,1.80778402361102,1.22256105447553,3.12228858599492,1.52196953655246,-0.211201149548302,0.595353727107323,1.05574787694091,2.1188970289609,0.849416992679778,1.04448964055885,0.712256477964445,1.1493474640983,0.587161102950546,1.302840712022,0.571102988410345,-1.25459826868642,
14,Austria,AUT,,4.96071718349175,2.02146966677637,3.47146615932408,5.41933601415172,2.81001278561553,4.90447900377782,2.24100975848387,3.9312418288779,5.909495926435,5.95049661811298,4.64694273134189,5.59238153081114,4.31090578116728,3.76537303179903,-0.0990300819682375,4.76336986923367,5.03964761322793,-0.129830487672749,5.53644793334178,1.73137779245161,-0.398620517722108,1.93812150521796,3.13962807993062,0.0575730929909071,2.45056567143844,2.23640235489538,1.29304527917799,3.14974650846239,3.42010178477146,3.55354764697123,2.41398645387723,0.97609224004664,-0.298754361000036,2.0087619437808,2.51091269369834,2.21143493269341,1.97797590805702,3.46782994124915,3.35504466142362,3.12743665014771,0.88025909788611,1.15267633135774,0.450946527234535,2.09971116889712,1.54987731693588,2.94341785870446,3.39173082681461,1.14330711888604,-4.01634004211772,1.59257712849987,2.57644831811446,0.222450576943075,-0.562298942527448,-0.122370667337563,-0.111540189504495,0.892469139632297,1.55072408627153,2.00355252390945,1.04090811975335,-7.12447972593793,
17,Belgium,BEL,,4.63025713410768,4.79403451766454,3.57435354079992,5.9491393563053,2.62444466112051,2.46146245343786,3.29157574176963,3.78504436430799,6.32828364655947,5.47879045116598,3.79648857021621,4.88408823965759,6.04748869860843,4.23677749584877,-2.2488296459421,5.46414001910085,0.501978716739828,2.74598979013953,2.2491275158491,4.32900827500772,-0.276653455476932,0.622329069570625,0.319812264093457,2.46792156248318,1.6215189754227,1.78646965584545,2.21947811567212,4.39079500978028,3.09399912598727,2.83026797508926,1.45537172593085,1.11956586015553,-1.34799970972101,2.90931876907965,2.17055027384056,1.12366901833482,3.54278906412047,1.7443238954726,3.30570651382183,3.46545257130404,0.752482909593709,1.25198460635012,0.615879780344869,3.12392891839559,1.76045559407572,1.87818319997308,2.91833834881372,-0.343452718095421,-2.80592074025158,1.928764195703,0.38003456979618,0.11640257847661,-0.0131483860964465,1.12859572471172,1.45189336758756,0.755268919102846,1.22886623616918,1.35679144535901,1.59897001717071,-6.20677030768924,
21,Bulgaria,BGR,,,,,,,,,,,,,,,,,,,,,,4.55114422929732,2.03229416461934,3.1725208807031,3.15480736665847,2.6849533947448,4.23524126936118,5.89861249444566,10.8200908463928,-2.15169070485987,-7.46320765454837,-7.53406882935201,-6.27126389725564,-0.691213461219803,2.16435873128593,3.31418764439739,5.74936890324838,-13.590922948826,4.48402565810406,-7.88107310149523,5.10505561982659,5.91115959894928,8.19521551354288,6.07406238426114,7.31740552554197,7.86550022289509,7.61684962906293,7.37801683034824,6.86349070130127,-2.64664096054558,2.21243106343319,2.75801177413106,1.34021710890744,-0.002423380385224,1.54238792053928,4.09010768554509,3.76506855458946,3.51553833482474,3.42872477679667,4.77250206361659,-3.81151594165073,
24,Bosnia and Herzegovina,BIH,,,,,,,,,,,,,,,,,,,,,,,,,,,,,,,,,,,,24.1907460373242,92.2018146070931,35.4093113785551,15.6536123983712,9.33605346357309,12.5302994025325,2.30500384516668,4.91918689576514,3.7901118069877,6.26834949234085,3.86577704345757,5.41148399654175,5.93114323532453,5.68340837841161,-2.52892152446536,1.69500203332376,2.18125388158525,0.724336968548414,4.15191547982994,2.91112061804874,4.67468789470115,4.46265636890475,4.24050974081906,4.60162519334784,3.5453373948871,-2.60143470404519,
28,Bolivia,BOL,,0.118310323755338,3.52336107184912,4.69990872851444,1.8928877835932,2.80663481427199,4.99593903871198,4.14054583215768,6.2859066471961,2.29080965831641,3.00728654536752,2.82189451237839,5.64690895353554,3.45192101199849,0.701250710452953,4.96974518185236,2.32227541748193,2.66639783088219,-0.175360695585752,-2.01998334564075,-3.44898509097696,-1.78663927114187,-5.87581223033173,-5.9582314884122,-2.20047831019895,-3.67062154166578,-4.57623467533713,0.337258183201826,0.759237940062093,1.61585655660591,2.44513520060381,3.06529245641998,-0.475045193612146,2.10287960027635,2.50945536832189,2.54219879597059,2.25602376439265,2.86258293935326,2.96284499411279,-1.52282628284711,0.544854522773065,-0.235740273711158,0.579784521069413,0.831475280603414,2.29839087818364,2.57492541077102,2.97725340909743,2.7813671403387,4.36849427320556,1.64916436138168,2.42930231248324,3.51107396436072,3.45365840732083,5.12759312298883,3.84374986176451,3.28269893653157,2.73197634742475,2.69615523107971,2.75216346209768,0.796516093647838,-10.0785803454608,
29,Brazil,BRA,,5.48410420224177,3.53078611981283,-2.2840822220941,0.476589203480742,-0.435883258059846,3.80769066980129,1.43116762649382,6.94374233511847,6.71425587029823,7.65296946540528,8.63634343659318,9.27638466712229,11.2937882733859,5.62667834225599,2.70461489791339,7.67146288143064,2.47541615735325,2.51184144545813,4.26238341945052,6.65253708195542,-6.47874834061049,-1.50386286222877,-5.14249113412122,3.06343305338734,5.54547922272781,5.28365371395449,1.48522240530053,-1.96371437601724,1.25596285558044,-6.06711785432853,-0.729838954979584,-2.22770853706096,3.19229935874152,4.13750878454231,2.55952338703105,0.597763255895359,1.79060343608302,-1.18436477142068,-1.00913730251385,2.91182643514742,0.0133708606751668,1.70947096619183,-0.122933723843431,4.49707706267368,2.02630422889041,2.83475848402813,4.97470189602738,4.05441066380965,-1.08194236869856,6.52437005565609,3.02640196933812,1.01454082117884,2.10888584808248,-0.352483145005351,-4.35147506604415,-4.06941092381417,0.508337980314494,0.988960032623851,0.651853445818901,-4.74055319539093,
35,Canada,CAN,,1.11938696476608,5.44585823647479,3.40521291674428,4.65075548180265,4.40951831705128,4.73567577508092,1.25281682979357,3.31525003537992,3.62673325493226,,,,,,,,,,,,,,,,,,,,,,,,,,,,,1.94695463974652,3.12879168364921,3.94521856404198,0.309869780551935,2.30357713736453,2.8795698281111,2.94899827121588,4.00887788882287,3.11869306935945,5.83579337545824,-0.0802948387444928,-4.03041984871436,1.94962818944229,2.14230900946657,0.663247994866836,1.25361381330025,1.84102612431141,-0.089285801148975,-0.135842621321913,1.81111454911982,1.33547089037103,0.448132391437483,-6.25999216467793,
37,Switzerland,CHE,,,,,,,,,,,,,,,,,,,,,,1.04702826664509,-1.88437699748627,0.208475178481393,2.63920436308418,3.21694510427587,1.32994593170545,0.949403350312593,2.52134725838364,3.49064297590131,2.61546630180642,-2.14648984236308,-1.13971898290825,-1.03142270498434,0.465686459251998,-0.188350619172212,0.0510707828427002,2.02310717068694,2.75954194373051,1.26144494530851,3.3937476814814,0.935103968508088,-0.7590800841337,-0.785674270385002,2.11713011962915,2.22567716625741,3.36429654561768,3.0704624986739,1.45814110121177,-3.29552116829664,2.19808651003746,0.793490807044535,0.148135706748036,0.657546866138631,1.20448160404274,0.507122105703075,0.9368837412635,0.641284065674213,2.16156965343124,0.491609144873692,-3.08915995954912,
39,Chile,CHL,,3.08029106946208,1.90254901080584,3.71737629475959,0.563878572825431,-0.933526209550223,9.25234460457199,1.84409678138675,1.8770128491487,2.24853956940552,0.186173786696671,7.6664366006201,-2.59677308101668,-6.52934155938645,0.782173460692803,-14.2564235930645,2.24408256835167,8.76719319620697,6.0850963378732,6.82199989245153,6.43128849456957,5.02921667231119,-12.2409669132091,-6.3259165875712,2.63685329752683,2.49013825496482,3.78087627276015,4.80091045502408,5.63400875070812,8.14688238559715,1.65325483857026,6.04186561812926,9.34715521585625,4.86809869028706,3.38863520643208,7.3083481080857,5.29098351791501,5.98309187759583,2.99065987813991,-1.62758632773094,4.09431457303155,2.14617604817498,2.00058508783312,3.00587612312096,6.10281265844091,4.64675913672252,5.2003800378633,3.79032075477977,2.42625274037624,-2.60145285015329,4.75024210331847,5.05770836528308,4.30919398905836,3.03157349099368,0.692522608849416,1.10598439797978,0.372098730561632,-0.247251358761787,2.28112103495536,-0.245035756890886,-6.58075571518616,
40,China,CHN,,-26.5276436064275,-6.35150486427221,7.62225445983979,15.4689954192979,14.1978890101766,7.60840393389294,-8.16149758545774,-6.57145161982453,13.7793403435653,16.0503992924726,4.15917620599427,1.2901059690867,5.32729301473751,0.218005664944926,6.81644050919941,-3.08132198597882,6.11400167387855,9.84615685027552,6.16566370932294,6.49011265514277,3.77490366463344,7.4234102319374,9.18113704957753,13.6900198409219,11.8965617103967,7.34143347128678,9.88116379585462,9.44617135687768,2.62085917492101,2.40655857199583,7.78209199050757,12.8332095807123,12.5819966439285,11.7663891456246,9.75495489020201,8.77642981052642,8.12449757701776,6.8160645646963,6.73348565843446,7.63859767603294,7.55165483155264,8.40487997514565,9.35477664390774,9.4615587704991,10.7413751264029,12.0933046939024,13.6358205006408,9.09028010153618,8.85594767555551,10.1028326227139,8.95381604183163,7.13452377748027,7.05073413381821,6.75076031594273,6.42073647723056,6.23821544775225,6.30186310052261,6.25170055569883,5.57453312716906,2.11652289256483,
42,Cameroon,CMR,,-0.885840273349444,0.871165108824698,1.4982716328652,1.25466014072255,-0.280036239761714,2.20157344206875,-13.0102414784907,3.79131698812574,2.33243042522795,0.520077078766761,0.851514099080291,0.0198043510902863,2.58203110997906,7.76337858065278,8.20270661423952,-8.12571181938601,10.5216858043414,18.4949840475047,2.93629935142702,-4.87457042963132,13.5640242230664,4.25230910788832,3.593154557698,4.15542045739319,4.70502699155458,3.43693622075376,-5.20667780303235,-10.6896457584573,-4.82993710327585,-8.92951230614921,-6.6443246702582,-5.90313789155029,-10.5414411493761,-0.948172941532917,0.102196337606671,1.44888599119805,1.80467430409263,2.02749472061589,1.82237460287362,1.14627134845615,1.60649699048759,1.73892555946118,2.67094125181764,4.20536339072555,-0.504706540983676,1.01680876381924,1.50579595405154,0.0570680601634166,-0.205524125160181,0.110124732070815,0.584593185525549,1.80705338648013,2.17993041710471,2.90200457216238,2.87078784808867,1.79128797729706,0.84572071249174,1.27506372633268,0.835333750899835,-2.04245466490876,
45,Colombia,COL,,1.85364739407609,2.17358993804586,0.140302273314603,2.98220534793872,0.556755435243133,2.21008994307132,1.20688955682753,3.04401181057534,3.3223439301963,3.54958887099201,3.43778295651785,5.21873127760908,4.36789444791945,3.43717031387077,0.0820464486786392,2.41914501004044,1.85533766924712,6.07098398326285,3.05901188685415,1.8140668886525,0.0596085726111966,-1.22565871229835,-0.592211327353539,1.17647456503715,0.972877622217027,3.67355013292539,3.26483102794599,2.01343466982952,1.39099344590625,2.24984798060093,0.0202158585507419,2.03721159607002,3.37717138946188,3.83884803971159,3.28893799901337,0.253052837549902,1.6552227234201,-1.10925963660314,-5.76418712793618,1.28736782423051,0.0967794978634231,0.950680913691301,2.39393965906274,3.85080534763809,3.42332222613126,5.35040251622438,5.42863484691856,2.07578409424285,0.0207132464149282,3.40253313166517,5.91724426422576,2.98127287338662,4.18482189717086,3.44839523191438,1.75788371739232,0.70068863785022,-0.163409332080448,1.01285604228866,1.88927448744572,-7.79120102284125,
48,Costa Rica,CRI,,-1.83833411847692,1.60537665933805,3.07263728833598,0.0653768538479795,4.59792887666848,3.57233848849494,2.43306675367403,5.31113147210453,2.5462410359855,4.62246694891573,4.03706303428785,5.50187419181485,5.09517227660426,2.975325753601,-0.432409871383001,2.84142044652684,6.09315621591482,3.48429358464858,2.16424494229256,-1.92556377028029,-4.87348497773195,-9.77542301242903,0.0997508844113923,5.13701277123329,-1.94663545675255,2.77504732549889,2.05500927080328,0.774638175343483,2.95104443822565,0.883400993501567,-0.373861096726372,6.39535614123328,4.37321863016331,1.90423127509591,1.60718507334521,-1.07247415424315,3.02028931446205,4.76252858373478,2.02788230924126,1.85180269295996,1.65163139692908,1.73110637256993,2.73563230130809,2.91444084554666,2.51247829085158,5.84681727760238,6.7605528911491,3.36539868156716,-2.13680579834968,4.05680772478487,3.1476630074776,3.65395891320448,1.32528972808137,2.39170916513906,2.53138328642916,3.10830677496124,3.09256633767137,1.60014007285719,1.28151371094327,-4.94039889859498,
50,Cuba,CUB,,,,,,,,,,,,6.67922767040805,3.00015833091274,1.70515050288489,-0.555409217593024,8.02200820719914,4.23902237879368,7.67318273578736,5.74202860550849,0.398427338535541,-5.41561514796317,19.0906236275959,8.46435392597769,4.97859028986083,7.38802648109665,0.930032288056239,-0.74981485351573,-3.37705544365538,2.59967532253316,-0.340216383329661,-3.80047014141262,-11.333187447293,-12.0982200834096,-15.2957381264613,0.260210817877521,1.98872978040828,7.33561056499718,2.3116291126138,-0.28523523086524,5.74840144599,5.51733314496059,2.83149192910359,1.10796785882017,3.51987398349665,5.57137632907805,11.0908950264821,12.0692963689548,7.35865377229068,4.2478615432934,1.54405710119354,2.39836049770854,2.70314590558387,2.8278427579969,2.51438170490785,0.831422266789204,4.27336160897438,0.422151606764217,1.7718207232533,2.25848146064915,-0.123773041706542,-10.8943436642688,
54,Czech Republic,CZE,,,,,,,,,,,,,,,,,,,,,,,,,,,,,,,,-11.4025059921636,-0.608213656091351,-0.0420530817132345,2.87214348658624,6.56613352783346,4.38683273111739,-0.411069078029101,-0.26211493574327,1.48779208499693,4.29307146515178,3.43085754579758,1.76597431964622,3.61333896520242,4.78236579380949,6.45426173686403,6.47820360338791,4.95608533293907,1.83824019269181,-5.19898191898565,2.13688048446924,1.55018979013502,-0.923734450159557,-0.079052895284633,2.15450047888164,5.18140265379816,2.34055226080498,4.88972204225595,2.85410811330968,2.62455743475904,-6.03577378249608,
55,Germany,DEU,,,,,,,,,,,,2.94365017654113,3.80247601581306,4.44801719894595,0.850760324104428,-0.496434234538626,5.40021211134318,3.58143711174701,3.09818162904907,4.10433134190953,1.19869390758107,0.376242532945767,-0.300057816359015,1.83903418369323,3.17898719416294,2.55688360699232,2.24053499792906,1.24649968578119,3.30286372189374,3.09617999996819,4.35163905422439,4.34522005538682,1.15104633199144,-1.62568428424478,2.03735420973175,1.24614187560326,0.514437284599765,1.6433342731292,1.99848532107309,1.82142803058096,2.77322125091402,1.5105582606794,-0.365628327264105,-0.755077166602604,1.1970553521185,0.788917115869921,3.9336103307084,3.11424588261349,1.1520297421751,-5.45457716940945,4.33960677706354,5.86963573749217,0.230160992711959,0.163870562978019,1.7843418861469,0.617105353219898,1.40810207548923,2.29720604740949,0.782690047310425,0.827864779161388,-4.73878904837903,
58,Denmark,DNK,,5.63874355341882,4.84744696606228,-0.152610055415821,8.40011926479724,3.74368486786547,1.9191980165441,4.70161895014236,4.91238762287611,5.92188488846269,0.836281145615956,2.29169941915497,3.33661509279459,3.46561430939221,-1.58169239838823,-1.740305630023,5.65869817151685,1.55351412674875,1.90929019847323,3.61429036365747,-0.603929077550063,-0.637904150209579,3.76078942809312,2.66654494820963,4.22071102724783,3.96161086965421,4.76398608354309,0.127360298905671,-0.0621761791755944,0.584830839011062,1.31052516322782,1.13084019769691,1.6204208518857,-0.321959929787013,4.97734717856856,2.49224816939837,2.3194056984626,2.83266446548333,1.8476139445406,2.60794426036803,3.40068454610739,0.462534295314015,0.145880726640385,0.117358167353501,2.40323399664311,2.05511051582938,3.57206346379428,0.46273149419045,-1.09484212816196,-5.4140139985128,1.41948663073603,0.920393685285319,-0.149916088315891,0.513424427502201,1.10543346611018,1.62216625804921,2.44336887407066,2.16235511316152,1.4850851572351,1.7496140950622,-2.34733603210697,
60,Algeria,DZA,,-15.7276848394503,-21.6445069845012,31.0105455051847,3.16456289878266,3.4211300466858,-7.40013805817175,6.3825621762057,7.64544689846134,5.36310542228875,5.82768646996139,-13.7598067430796,23.9750427956781,1.01237768704674,4.57149719444625,2.14409579061314,5.35388985749177,2.28273751699373,6.08138370281056,4.33359972643829,-2.21847232325962,-0.131096613722576,3.12988276787011,2.15849668523754,2.3893188321712,0.612187084139165,-2.51555292648575,-3.50638120258094,-3.71031241096495,1.64418919472318,-1.75407649212546,-3.60108243096107,-0.564788752939847,-4.25098663738072,-2.9311165968948,1.83641056126194,2.2908233481653,-0.519902352630268,3.53436852700297,1.74870316034944,2.39949654403225,1.65967258872379,4.26207201293576,5.84090513563409,2.93454162226593,4.43825778015616,0.214792143410605,1.80825261796593,0.738194544500629,-0.134681878430399,1.74679065506871,0.980209993399853,1.40174755982498,0.761699380455809,1.71045490345108,1.60049369689222,1.10457015563286,-0.750456691887635,-0.909245791015422,-0.934555885396762,-6.82696362319118,
66,Ecuador,ECU,,2.18900372325723,1.97354454303805,-0.777889163690631,4.35283711501735,0.318378861431,-3.20863278581417,1.5993007426673,-1.03544441962539,1.65264401226662,3.80794600259806,3.26336047027509,2.04556583042812,10.755799812991,8.12835440854096,7.94079335485227,4.50653965299132,-1.091134703907,2.93749786933188,1.04587752292088,1.04619807847099,2.92707988208574,-1.91862937794333,-2.82363006250003,0.0853756133817143,1.38266061346263,0.944200452693366,-2.66696118299963,3.35908016959267,-1.3828699539464,1.25727783977752,1.88588906496679,-0.207484604114896,-0.309049759477915,1.96491293203114,0.0459148840288037,-0.423720892469078,2.16048409378114,1.17560730123263,-6.60492171070678,-0.813578255639698,2.13470557328759,2.28463176529399,0.984821248317118,6.40666424809126,3.54392892961322,2.66928201497403,0.494765341357351,4.60702110154982,-1.05810136505242,1.8928651769599,6.22101651283937,4.07028680114558,3.38726700652121,2.1989731610287,-1.50763431990521,-2.89801879626653,0.573913173998349,-0.483429077922167,-1.65324963404186,-9.15874486974343,
70,Spain,ESP,,10.8044868564993,8.94647028978719,8.63949298897253,4.26724541658132,5.10563214429294,6.15343472456982,3.0641265961751,5.21217229135009,7.83908305108363,3.13876302040282,3.3959269904685,6.9621930432203,6.60402578374912,4.47106836448741,-0.539096649209583,2.21777251630265,1.78565712617367,0.49072839476743,-0.836528250447628,1.39131558722205,-0.839887509912813,0.640409095532107,1.27551453148087,1.36289722152834,1.95132908420544,2.94527954012207,5.27376275505492,4.87169216546461,4.66281523883151,3.67576777434031,2.2853247403676,0.436115221172912,-1.54335837780363,1.89690696435738,2.30495701709295,2.23381641993076,3.26885208622718,3.96190213216721,4.06782445645686,4.7764514150568,3.21408101820879,1.29005004692624,1.13625325248812,1.35870928011663,1.91569573801111,2.35781315291435,1.70452202327694,-0.70956792412278,-4.61187170615491,-0.297088607471025,-1.16619262555828,-3.02242536982695,-1.11189885449343,1.68744970379751,3.91576845137082,2.94434855983185,2.73236058269681,1.84175785793946,1.35796294893549,-11.2335320992436,
77,France,FRA,,3.60490103001044,5.36174659302979,4.75168207937229,5.2483704832748,3.62502306337294,4.18060992096517,4.00054340415525,3.67515358132928,6.30695974824673,5.30013990715806,4.48503645585114,3.67630097261473,5.51594718225618,3.55262482950845,-1.58271219956511,3.80121058799749,2.99383826102881,3.55238312244077,3.12527609809175,1.12868786768578,0.578960627144468,1.97434895469959,0.689995895498413,0.948111517274015,1.05412130143901,1.75995464182361,1.9774927002141,4.15339578345197,3.78001535528227,2.40164782158068,0.489793534731334,1.09540135945181,-1.05828811094526,1.97800942199515,1.73850555113575,1.05456016296066,1.97492975038789,3.20752635009862,2.89069241794468,3.21428067337351,1.24418881990496,0.402714805881303,0.111081739214896,2.07536459512968,0.899764540271406,1.73754003299598,1.79298221122066,-0.303759657055082,-3.37173720554279,1.44700813155868,1.6996129650087,-0.171206729763156,0.0599163796786826,0.479077572349041,0.754024352327519,0.829056664516742,1.99499844733441,1.58587880599642,1.62035845279964,-8.05031008095041,
83,Ghana,GHA,,0.211800646727227,0.81635204415376,1.14287096258371,-0.838096936750389,-1.44691034456712,-6.69305919684903,0.649745412299623,-1.9103058459541,3.53960809070281,7.01696646801146,2.42833163469058,-5.19648072488167,0.0244875328727119,4.05166969009277,-14.5085873319885,-5.54692667630492,0.34294731845776,6.48047902057587,-4.45513922674051,-1.80737815801336,-5.98749401620253,-9.54246066980791,-7.39291492180489,5.38875341351046,1.9844984128523,2.15284659693866,1.80090273993005,2.63643345429176,2.11076724610173,0.392153057228654,2.27661267844232,0.919753736095004,1.89843516091818,0.462525057325266,1.34420928251129,1.91621665741135,1.59872942965124,2.14417658237129,1.87379065998203,1.1908213838439,1.4834037450466,1.97375924398813,2.64516352696127,3.00859053172586,3.26729161201548,3.71646315278551,1.68911791144583,6.37107278350972,2.21106718979192,5.24933064052722,11.3154107315811,6.73355567711647,4.8475180577868,0.525773600638217,-0.170049024853114,1.07696052085518,5.75434851659537,3.89661430974051,4.22918126352458,-1.70251702105996,
89,Greece,GRC,,12.3097949842447,-0.231362328611098,11.4308123253594,9.0136618569973,10.2510614359446,5.71167298707329,4.81239586239369,6.50858693248941,11.1567344483955,8.31825804416755,7.37432738877415,9.44639161768659,7.60260820223199,-6.78208668514617,5.37305768651774,5.20508167437259,1.61030250232675,5.8652717833223,2.00245807095428,-0.306899446254533,-2.43246077381085,-1.74025281498737,-1.65240240860078,1.50367210741844,2.11229459669386,0.185738289411958,-2.58512330774761,3.90977690455404,3.25972967415518,-1.05223289834684,1.86983446823727,-0.0662994676514757,-2.17715048590328,1.49055877464528,1.62382548322135,2.40984309969807,3.97008159462769,3.32070000712108,2.67809938426748,3.49556374728446,3.59165269453901,3.54262307678938,5.54236036165751,4.8013790697008,0.304567956724028,5.33560186226536,3.01098407849112,-0.599389804763788,-4.55211704750764,-5.60036851879792,-10.0162812051982,-6.58290444947292,-1.80655137341328,1.14721195681824,0.463652786270188,-0.0724245841387301,1.29229029026882,1.87490316346144,1.91089104761153,-8.96790561579094,
97,Honduras,HND,,-0.951192256484518,2.85824197332802,0.727095458389513,2.48852357118734,5.97143417375543,2.37164526173477,2.92521224573754,3.50500291779629,-2.27517290726081,0.608039189739046,0.966981295968282,2.68066478880063,4.71344605427382,-4.14204854201617,-0.914111041715728,7.17348238293147,7.03631388342534,2.7402211112596,2.3954613885123,-2.45321780757808,-4.20777955726818,-5.02245589172722,-2.11524462348748,3.16600885090597,2.51004939267436,2.24739880429409,3.54059233361686,-1.18657398427845,-0.209584948324007,-0.124952526127259,-6.0364437072745,3.11915654059381,3.53959425542412,-2.57925470055186,3.21249378117021,-1.00430744368533,1.64147678229898,0.680885924958474,-3.47804607843103,4.39673696313818,0.024209647086181,1.09873942757388,1.94221972728654,3.65590137304561,3.54784738142897,4.1200466372222,3.81903550835669,1.9795919274907,-4.46450679395942,1.65230641681642,1.83746455221313,2.20026802592987,0.947637133668763,1.25073936815865,2.04738682049835,2.1235809908339,3.08361521753868,2.1281635729176,0.982661679905576,-10.4215011539207,
99,Croatia,HRV,,,,,,,,,,,,,,,,,,,,,,,,,,,,,,,,,,,,,7.43919337847791,6.65103963920821,2.26863828908112,-0.447277837566205,3.91552023531145,7.07410478934905,5.65985256761554,5.49590784822061,4.12027874187508,4.17820331914353,4.91367465453139,4.93574021781123,1.90754889765215,-7.18426866317068,-1.02646183190893,0.260322578556838,-1.97654957124888,-0.0852328371168483,0.0608148413620171,3.37409280662597,4.25801634230318,4.6631756701545,3.82352734471229,4.05697922398092,-7.6898296916544,
100,Haiti,HTI,,-4.79835664897207,5.81487503798195,-3.77422684615266,-3.52785272271414,0.216236505816639,-2.46727043562908,-3.97550278904659,1.24847103454519,1.9169098852222,-1.12610146840284,4.66873618595014,-0.696174253614629,3.02401204148251,3.98120899226002,-0.680776664420407,6.41137618431181,1.69087522551337,4.05884954213307,5.29691629231608,5.03455171700897,-5.04342442273679,-5.79680480238864,-1.44950432968396,-2.01557679480882,-1.65995537037364,-2.66711831076321,-2.89513966060603,-1.86756612480065,-4.8773650058757,-0.974050305889193,-0.116246176630838,-7.13245536213826,-7.21609770977678,-13.5910216702603,7.87995981285303,2.25526216613376,0.870659382614917,0.382382060020618,0.927556836285603,-0.854830508916422,-2.0213885798113,-0.625861055571121,1.78371553786833,-2.92099347495807,1.41088599355008,0.140685216739485,3.0463698893445,1.04861208345804,4.25333304749573,-7.08601031592265,3.52697219317422,-0.974112645478769,2.82270459321508,0.292192414366326,1.15736312864287,0.455879683871615,1.18118263013172,0.38072842933046,-2.90574712035101,-4.52549182297372,
101,Hungary,HUN,,,,,,,,,,,,,,,,,,,,,,,,,,,,,,,,,-3.02623555312965,-0.462665223333232,3.08816830829659,1.63091759738204,0.254470904325061,3.35112870237934,4.14203585715534,3.36340048273229,4.75094689740025,4.3130898194734,5.03995921477069,4.38308342339782,5.23321829122256,4.50290611526903,4.10975962524648,0.43244538852025,1.18347936814548,-6.45067015776793,1.3118389146489,2.1491957718688,-0.746488355913286,2.08709319001119,4.50486061496011,3.9502169101093,2.49398511598645,4.54613560054244,5.4931633015081,4.60139046418905,-4.46667235735364,
106,Indonesia,IDN,,2.98578889759122,-0.821874197342837,-4.80615857300354,0.791338117168337,-1.61044505492882,0.0392608674951731,-1.33942233492607,7.94362248975278,3.97522189655652,4.71137592532645,4.22132381459393,4.2628726688865,5.33402017503674,4.9125940444015,2.35968544514253,4.26463676734505,6.1380259855961,4.22838488340717,4.79929537486505,7.31804186830418,5.43138306939977,-0.0901598604095284,1.85798598812667,4.64816628390628,0.313874496549957,3.74223319978957,2.89193149520534,3.801709949616,5.50703496357958,5.34794570007622,5.0710589597585,4.7118310538129,4.76022443907142,5.83952070424054,6.56220537375599,6.21792800785018,3.18987137814375,-14.3505560153507,-0.605436819380117,3.4822106064327,2.23517969770081,3.09063592759024,3.37653282694683,3.63090879087639,4.28959148389987,4.10751435473269,4.94646813828543,4.62003367541941,3.2473282384732,4.81227306756668,4.74831853260665,4.60648552222868,4.15142822863413,3.63907230281121,3.55506249544388,3.75883733214852,3.84119726442658,3.98782486089075,3.87144414151346,-3.10714219034654,
113,Iraq,IRQ,,,,,,,,,,-0.255217038791528,1.04063760854207,1.90302979015766,0.370570959719004,1.06974073977267,12.4060742509218,8.90434077481828,13.4459049082238,-1.31666906363623,13.4287632434348,17.2371996260072,21.1514577160931,-3.49087644781315,0.650760747950514,-15.3215546267677,-3.91557439378778,-0.929288980265881,2.31941353666518,6.97013772753048,-2.1570850434704,-5.29971810436928,53.974822902836,-64.9923691755212,28.8939940862776,26.4932129707501,0.749098583861254,-0.971523645384892,7.63546752949611,17.5254829833858,30.7423442105844,14.0358774010925,13.4607875378227,-1.2255513337325,-10.8633589071032,-38.4182256584574,49.4802803399545,-0.625885621321373,3.62234973591802,0.195033167504533,6.41896230276041,1.28332932781061,3.6520946959417,4.10457025159661,9.77517248032976,3.51570142550651,-3.45683137321301,1.30694378113189,10.5600974554293,-4.28298176305985,0.28170531508249,3.59562006701191,-17.5866074376067,
114,Iceland,ISL,,-2.01288303324222,6.32475232148448,8.33793583426518,7.97974498188184,5.52734737868373,6.91004604172203,-2.84747449067298,-6.75892912323894,1.4277052668922,,,,,,,,,,,,,,,,,,,,,,,,,,,4.0040733689132,4.90858759930157,6.2192201226913,2.78446861081424,3.55739104440454,2.64000021012691,-0.334077504194298,1.43779618991398,6.86010568493316,4.45782885129975,3.85034869245426,5.74528128782477,0.326400099637624,-7.9783624054085,-2.6928477076311,1.53514719927782,0.527304433471059,3.56817578247606,0.562209388696957,3.35414533328364,4.83829921427557,1.7794101347671,2.12030149363669,0.206935274875605,-7.99964552840062,
115,Israel,ISR,,7.5914133972726,4.96777845158294,6.6941025018924,3.75053725599865,5.3482500421121,-2.58810557311551,-1.35741055890202,13.8366648064236,10.6446530860183,,,,,,,,,,,,,,,,,,,,,,,,,,,3.28955382931184,1.36062426982082,1.84195082921985,0.966523480789832,6.05266039544179,-2.22967014176294,-2.18587654099865,-0.660527950337482,3.07680786122333,2.33868870824152,3.92332074508745,4.23402624599601,1.63705997667583,-1.24588889710429,3.7716360918953,3.60999370687179,0.942143217993134,2.84013390158523,2.14508773727393,0.273166454342856,2.43486113607949,2.37294959239584,1.99923149357343,1.81135890882076,-3.88277420206626,
116,Italy,ITA,,7.48641883914016,5.48747776983932,4.84205248927523,1.95553270968082,2.40204614684968,5.16416328074524,6.40567760378134,5.87359459594813,5.49917950556602,4.71342068855478,1.34428039487906,3.10348977837458,6.40180594442019,4.81201382086347,-2.67318392261384,6.59231972628913,2.12582750574286,2.87293634907391,5.65322399056257,3.21717014392455,0.723232399974208,0.33922498995851,1.1324911624162,3.20278297292819,2.76838147537848,2.85436688673717,3.18143030285239,4.14404212443536,3.31086193455002,1.90043982743266,1.46817561113606,0.765807599435163,-0.913401721941298,2.1302154755529,2.88520235071749,1.23832837048366,1.77635122351289,1.78132437367471,1.60863473141113,3.73994653301939,1.89412399481279,0.104759513559856,-0.305508789463317,0.769317663351927,0.323656244406962,1.48515735957702,0.975922132963376,-1.61594062742927,-5.71150838276657,1.40091534299962,0.534287439584816,-3.24206011995115,-2.97240379999698,-0.917813879753353,0.875477401786128,1.46569044434084,1.82033385192226,1.11781661979235,1.57473771632701,-8.67091909932761,
117,Jamaica,JAM,,,,,,,,0.521326546412766,4.43822296709709,4.21707499674264,10.5122316814457,0.91690959201911,16.1297747441517,-7.01779496349583,-5.73101608844887,-1.71712024699539,-7.93591825688738,-3.78899237235495,-1.24395136140906,-2.3070522801342,-7.02436353938759,1.04714783102513,0.372343475107726,0.219083437892849,-3.02076856600524,-4.15472592715415,0.903797458191931,7.06783362397525,3.36444569377375,6.54684280816372,3.49276062488686,4.00325614019847,1.05581548705085,8.38061438133606,0.395069825954479,1.35368597183363,-1.08681608469176,-2.10777757451005,-3.26895265332263,0.134064726454298,0.0419040585930759,0.586824056028561,1.31031258482348,3.03137317241509,0.74445447015303,0.342085609494518,2.36064856549274,0.925752257457191,-1.29807445368073,-4.82326075795619,-1.96994126129756,1.17354565013477,-1.17999390647412,-0.0653686760132786,0.114534393056601,0.366894819691765,0.844390413700609,0.492076589718863,1.40370907994962,0.432912116838111,-10.3915896501406,
119,Japan,JPN,,11.0440730403403,7.90171442068974,7.37985706283395,10.5207920914166,4.68645001649419,9.63235963058663,9.93883449912613,11.6174281532467,11.1486573220626,1.3391446480433,2.42665235690347,6.90549972188879,6.52302359631184,-2.52983919977564,1.78783564196443,2.86677809801805,3.38468071446509,4.31828011491537,4.59476830709862,2.01041585731923,3.45297052108764,2.59830327627806,2.80545458222852,3.82668234067698,4.57674457526187,2.77792081049746,4.2270416734745,6.34159979558233,4.43969272133633,4.5452736866316,3.01204918496241,0.474423126992548,-0.839886380652601,0.711494680110775,2.39051955805158,2.900141234358,0.740905952598837,-1.53824407565509,-0.515740590055131,2.59289108650813,0.144511690084897,-0.190392013612978,1.31809196241525,2.15172332918605,1.79433980060388,1.30812718300903,1.36742232603785,-1.27210994887062,-5.68145234031182,4.07922304843274,0.209251802819637,1.53678665884595,2.15237106564643,0.429381122520397,1.66846511711745,0.870046944792136,1.84270905806171,0.762860909889355,0.480088200168893,-4.26028956099367,
127,Kuwait,KWT,,,,,,,,,,,,,,,,,,,,,,,,,,,,,,,,,,,,,-0.690485623073201,-2.52368563166482,-3.18020778918098,-7.8538954260387,-0.0909269753083635,-2.55730408803419,1.38889699011064,15.988912836006,8.29289303207534,7.21320197430191,2.82833462994647,0.473425243208354,-3.38440899755075,-12.5121104729049,-7.94513165080112,3.53216099640974,0.869297947188244,-3.94289754562421,-3.97985889929403,-3.20057857283761,-0.228710261590166,-7.04349989138754,-0.741247102578228,-1.23785408626549,-10.0427425000043,
148,Morocco,MAR,,,,,,,,7.3532493807713,7.32188671621586,5.92066641008098,2.43169107947827,3.37505417714405,0.341424666492102,1.45074824319222,3.39496378672565,5.22440911756405,8.30786347639778,3.58447421791361,-0.207763050869119,2.26349460323814,1.13499162709103,-4.12312610237041,6.32353119925068,-1.02742198873935,3.96221313006011,3.66320888663807,6.97237359489861,-2.32232822781275,9.72364464008047,0.922947179034466,1.51494762234414,5.28050795293046,-3.82739887174789,-2.43811710928867,8.78608875931329,-6.85703056091657,10.7564835337412,-2.89478845014018,5.8558302502356,-0.178994894790748,0.667221669120167,6.02620376777934,1.89366142960681,4.71076046143347,3.56844047812241,2.08436468382311,6.3219983677301,2.32416618440909,4.66711856811561,2.9643371380033,2.48568353490226,3.835245161193,1.5805551116102,3.06030761406089,1.22952904619169,3.10311140049744,-0.286660319841573,2.90184502007737,1.84461699689066,1.3403970411036,-7.42665148894926,
154,Mexico,MEX,,1.78207713827783,1.46352643651512,4.80323203037132,8.481411032898,3.81643933856989,2.84265460270139,2.61666132149901,6.08905923394613,0.285108152524799,3.30021183685494,0.668146239341098,5.03561292029475,4.73130704953758,2.77961823580995,2.83311191556777,1.63107455021145,0.71382795332427,6.21174564295224,6.99563373774109,6.59362147642805,5.95152440210703,-2.83217804201195,-5.67748544727021,1.12525175705717,-0.0055901748157225,-5.096858561074,-0.333810908593478,-0.708391239760118,2.10829938296293,3.2033829079499,2.30201263992382,1.68311478511254,0.157923158838955,3.15906426603718,-7.83175137216439,5.0724494368494,5.19355799808589,3.58158308008818,1.24783802150048,3.4409763287365,-1.79290263343491,-1.40293906625668,0.0722682201445934,2.49483102316368,0.869521533364463,2.98443254099685,0.782569044350566,-0.357632974929516,-6.67416537824273,3.61719033124828,2.22716347751184,2.24713983020912,0.0294527950694885,1.54403510691023,2.01903688371814,1.40302067337798,0.931456541585035,1.05031421707116,-1.26011567224396,-9.27422911762298,
174,Nigeria,NGA,,-1.82038966953945,1.96415147383719,6.31107604508136,2.73919614118844,2.66466663427865,-6.28830743297183,-17.5533759995614,-3.39659622569482,21.4490183769637,22.182277907224,11.6160192138664,0.952506721018125,2.85272521675812,8.34448919547961,-7.76568647900929,5.95423797760417,2.89756982445691,-8.5784781444012,3.63385620707564,1.27766797652676,-15.4503571982463,-9.1951067680429,-13.1531487964407,-3.5849367286599,3.23357899315222,-2.50994858196974,0.525848546418615,4.54693649917901,-0.708853154033491,8.93068727321517,-2.1644649798595,2.02582456425419,-4.45707814306292,-4.23281832841982,-2.53005228932408,1.63459400852261,0.40682595484725,0.0571945195008539,-1.89572022300274,2.41913259815854,3.29057075038976,12.4574681610262,4.65778629111526,6.48960367690748,3.72162393871403,3.32621787801031,3.82207230076099,3.97251049277654,5.19795440906896,5.15854534990596,2.52532222927167,1.47285122897132,3.85372267903598,3.51397655975944,-0.0292823054560643,-4.1683884058564,-1.78881762090789,-0.679724707768486,-0.379752402189268,-4.2601131442069,
176,Netherlands,NLD,,-1.01499757251717,5.33233687414135,2.23663133686618,6.83606817503917,7.16198201451108,1.40887038783882,4.09377410092482,5.31667161264677,5.20413699391452,4.83328874919525,3.08385842461696,2.49224320176002,4.57544899706093,2.63126535596119,-0.88541799588188,3.63954449684105,1.91263595728894,2.06633313978482,1.31240529687868,0.543128027064171,-1.46195303231312,-1.69259008989138,1.6836185500994,2.65340399747458,2.10293481283968,2.21813135683908,1.28651518058136,2.77504343305495,3.79556930603037,3.46827772475396,1.63505459712852,0.940014999473178,0.554249624223331,2.34216826988056,2.60797342141954,3.02230330505103,3.79338177724031,4.02050284147451,4.33737444647886,3.45353825605781,1.55745812949353,-0.420367739940659,-0.315789835146461,1.63118807022559,1.8126991927322,3.29494984036958,3.5473594981308,1.77335666374768,-4.16103849540806,0.824259852819907,1.07862827391094,-1.39591933577908,-0.42417869353261,1.05910125427069,1.50826618391271,1.64931554652068,2.30428473259315,1.76493726416223,1.28988912106223,-4.32961188285681,
177,Norway,NOR,,5.43249315473311,1.99124551879441,3.00325931741796,4.21939369926341,4.47036790459714,2.96120155816439,5.37091560789848,1.40387966092119,3.65664187935934,1.20535000670894,4.93392636188315,4.52812680697305,3.80425751166594,3.28031993965305,4.37452392142141,5.33021975807411,3.72142920126252,3.47360076733523,4.01760785913589,4.22929886542049,1.24929609663889,-0.132112980332394,3.62916527618383,5.75354234396291,5.23772958187428,3.67180678290549,1.27825727873645,-0.790455920133923,0.622056009001582,1.58222091643037,2.5946874441056,2.97830647409525,2.2349771163702,4.45895388797052,3.61619462294883,4.49692670556819,4.71526383501532,2.01520525557162,1.31670680290318,2.53730175628031,1.55954885212969,0.900636374550203,0.319967274191214,3.35683885396524,1.9288407476117,1.57841986579173,1.93406497559269,-0.768153440463365,-2.95858554905377,-0.544794329896789,-0.32002651935673,1.36298487268812,-0.180216050698121,0.826056236088164,0.95750076290291,0.185059679800673,1.50018092554136,0.453550486030423,0.0679926261787642,-1.30000015394134,
180,New Zealand,NZL,,,,,,,,,,,,,,,,,,,0.286064141935611,2.59366046635418,1.15699384376555,4.25388182535487,-0.0680909107971814,2.0942085504547,3.89043178165798,0.988564363060647,2.7315952047353,0.104136691203394,-0.627301005243339,-0.318443548197479,-0.767410599739108,-5.76836549385,0.0467321227089172,5.18520694608169,3.73045968197803,3.20079203454264,1.98990048661803,0.719238746493872,-0.0929920791801067,4.89822301672831,2.30216285870132,2.85693569591162,2.87172757034372,2.50667789966268,2.49348578187451,2.16143993814089,1.63444748633871,2.07133876365468,-1.95072809589509,-1.1285726937779,0.405531883883611,1.48001490055097,1.68167001047279,1.90974647762752,2.10371277700105,1.61720893840365,1.42623836172024,1.47153285884679,1.37354364665912,0.0275641486978628,-0.240800771195083,
185,Panama,PAN,,7.68420264371935,5.06458682558637,5.3457731850481,1.36887319101832,5.97593651357823,4.46897607190347,5.43946740438122,3.93123724405444,5.37098577441898,3.94571207904333,6.544052847393,1.67493915436603,2.47011983447274,-0.316186464888972,-0.945871670882681,-0.960136840878334,-1.4591730429523,7.07624129947932,1.97805357944428,10.3874147057773,6.64768208103406,2.92103261783426,-6.65710172130525,0.415804116318924,2.63125358722051,1.31700931717495,-3.91662120536105,-15.2192488874052,-0.573082883379058,5.8450075613389,7.15661161616798,5.9824098519927,3.30478867496804,0.760548239777648,-0.311457293710305,1.97212244458349,4.31170651970758,5.18860242819328,1.85792165853445,0.710915778134975,-1.35632658018784,0.29590782176669,2.26167034851809,5.53894248851738,5.23215943612811,6.68387882043837,9.97372367996702,7.90195581998807,-0.539359768016425,3.98387906635753,9.39793386748417,7.91098019838732,5.09696530866417,3.29282288183612,3.94283658821021,3.17045468651418,3.79946361861217,1.94510324446577,1.29253637338742,-19.244276467277,
186,Peru,PER,,4.35060840398225,6.93526513655196,1.37793841857778,3.54267363939758,2.66325399524125,5.23429729610004,0.992878494404792,-2.58934277210561,0.68914427391806,0.547966440325666,1.74396229223181,0.672027575366755,3.412801006704,6.46433076753769,1.54413056474303,-1.20345361479288,-2.24173371769312,-5.12336847802906,1.47566509786922,3.32174739229838,2.98277945111896,-2.61081478592267,-12.5187171077346,1.20167894352035,-0.277751875659433,6.95127343398055,7.28198789275127,-11.4198696950976,-14.1812095827164,-6.95098002526341,0.172594018887324,-2.46518449622796,3.25942240934165,10.2211545728344,5.43211540779369,0.910849821276599,4.54615738181367,-2.12729704471192,-0.140575834267338,1.21314361657035,-0.656177992854637,4.2796705712887,3.13276933636102,4.00069540728281,5.36236905592543,6.62620063933494,7.63365404001507,8.25060456444702,0.287054626197119,7.45536629325547,5.46742070674885,5.26750729775631,4.90258260411305,1.30565751190883,1.96334440822348,2.42290485450216,0.829126308957157,2.19794844938977,0.565474347551628,-12.3921306943849,
190,Poland,POL,,,,,,,,,,,,,,,,,,,,,,,,,,,,,,,,-7.34479099938532,2.20106585137023,3.47468277310101,5.07085551435667,6.95760301990163,6.03468979259225,6.37940932553195,4.60322536229015,4.66351506333031,5.65871550618272,1.2864162949012,2.0831729435766,3.56827370272667,5.04427189104165,3.55234990388493,6.19841529972236,7.11969904145823,4.18575941338179,2.76251923864919,4.03723719489624,4.70132290342329,1.32513854853551,1.18682133968966,3.45598564847825,4.30581423680569,3.1860709143334,4.81757385257684,5.35391420222633,4.77053944228503,-2.50297776781863,
194,Portugal,PRT,,4.68866854694605,5.847863243365,5.44729290567625,6.25179936615439,7.90812760757153,4.86574897554202,8.22880539130276,9.34210183782902,3.04129305411678,13.615093296247,7.08408546924572,8.18247964638188,11.1662804487481,-0.258166202311969,-7.914607369515,3.90271267392397,4.48728789500403,1.7125897264003,4.51254338265572,3.46437111345503,0.740802197329813,1.51289339666386,-0.635202610928118,-2.25657807607266,2.5266049361,4.04627862989935,6.41006293047801,7.60090345870243,6.59607129817712,4.17732841718288,4.60903356054186,1.16810329689687,-2.16302061239932,0.693517391361567,3.92237359793415,3.11580576632078,3.93579795726534,4.27961105657207,3.32050925889928,3.08905404795144,1.2272634226527,0.220542488198603,-1.30174208592079,1.54562010216144,0.595038718090478,1.44193641296673,2.30555211277161,0.174700554936223,-3.21438996722308,1.69092841483231,-1.55146831672478,-3.66753141566937,-0.377398248791067,1.33711996744654,2.2144828853083,2.34182321593775,3.75909438887767,3.01412372965098,2.65839260557085,-8.61393196791485,
195,Paraguay,PRY,,4.13489874721809,0.617054025364467,1.98293673354819,1.49171671251598,3.39509750469583,-0.679704557163546,6.28847780250081,1.81030660594928,2.03437820695621,2.93625412808649,2.99445922557835,4.11564940993485,4.79036888501818,5.81910805187893,4.271512173573,4.87216785130052,8.68966768750674,9.14477036413155,8.90327550788061,8.67583165072476,6.12525427687874,-4.20284649735103,-5.83153124260461,-0.141331001207675,1.53970190192835,1.99968561495338,4.57877125139984,3.00516467182865,4.05618839057684,1.38628924541828,0.844793145859143,-0.835584874284592,2.39101489433369,2.82207430445891,4.3463244653305,-0.728835355405081,1.93875486168365,-2.08196434595578,-3.41777876662883,-4.27505059855291,-2.75656288421101,-1.89224005619616,2.44980014222725,2.28565407375115,0.493156057541071,3.22758717365849,3.92392766561638,5.04513405360085,-1.59888081686076,9.60080177157276,2.87100958619692,-2.06145153096328,6.81657644886431,3.87716000039792,1.58379371049865,2.89685661490968,3.44894824730363,1.88363182374449,-1.65407082014168,-1.79098022829488,
201,Romania,ROU,,,,,,,,,,,,,,,,,,,,,,,,,,,,,,,,-12.1584413418867,-7.93923952826758,1.66711860968309,4.08314789943742,6.44865941446349,4.20752254376104,-4.5747304296564,-1.82682397441751,-0.220150554902901,2.59397523199067,6.69667366637488,7.65586943426131,3.08196384315724,11.0591132161949,5.3165061122384,8.67067585292331,8.82964823723904,11.1442089014979,-4.72698260115841,-3.32875036446971,2.40854396582971,2.49594029830753,4.15700410753874,3.99754430437416,3.43874923608918,5.30536396716246,7.9415586584485,5.09011110670698,4.73858787008214,-3.50443023076153,
205,Saudi Arabia,SAU,,,,,,,,,,2.02188249499365,52.2192518269489,15.292345280069,17.309188503222,18.2699733899579,10.5833396623242,-13.4082866920297,12.0311591447033,1.81199186536148,-10.0333612477126,5.90474964989389,-0.382042046591152,-4.18933165225178,-25.6141302774609,-21.161575772624,-10.1712160698683,-14.6087770824497,11.2854429084753,-10.8433484608659,8.42270246997234,-4.28954110190745,11.1665202987483,11.3126612183059,0.9189945965189,-4.0324842233283,-1.93214942550016,-2.06925274940758,0.50715434190856,-0.840942429621251,0.936930884232538,-5.72299520943008,3.22649326936822,-3.72119675359191,-5.50514947251813,8.01564385311802,4.80341103469091,2.54403675947441,-0.0736673000176751,-0.928187668429203,3.36069067534564,-4.78731859443883,2.0088817490159,6.70435297725483,2.20330023404694,-0.366653168771407,0.753966786699763,1.47706007191984,-0.603769618995187,-2.71382744999026,0.605723335699551,-1.32503213598616,-5.60869531637937,
207,Senegal,SEN,,0.226676077861924,-2.83489581803586,-0.910624201423587,1.02333623276016,-1.49183303785966,-0.0146296763360994,-4.01291601380258,3.25997847745538,-9.2493912837875,5.39548209838878,-3.09977559347809,3.19953529293045,-8.37559610223005,1.23665441385971,4.64196857111983,6.17391621234187,-5.0142686762205,-6.21957297283129,4.39732241466632,1.30408521776511,2.29836619502979,4.91626846146343,-8.43381607145979,0.825542381766383,0.362883061399003,0.0452956723447073,3.08659876016574,-3.76799526133564,0.886150264811093,-3.68440778571626,-0.373928950136175,-1.65450310620334,-1.5556176150247,-2.81556046447126,2.68823253576021,-0.529322642724907,0.585338382289208,3.4412655798711,3.82924527354682,1.4589318259511,1.8333276252696,-2.34057471652108,3.01180762881084,2.04304977188046,1.67629783284258,-0.295754934546068,0.145326293364661,0.959376385677956,-8.19851458260246e-05,0.593291217967206,-1.43114690125601,1.1458521796627,-0.41452320589886,3.28413530203781,3.42150148451282,3.41182379733205,4.4411878629361,3.29534615117551,1.57049679945986,-1.21334192598698,
211,El Salvador,SLV,,,,,,,4.14718051835538,2.52871538072206,0.442299339345013,0.730790919922256,0.279355260767915,1.18625021790757,3.44903021705387,2.29683943744891,2.84592102989649,0.584131559634528,2.75366302183173,4.54172847374625,3.22358110144241,-5.97400455014453,-17.3035439192664,-7.24085416809423,-7.71060394411268,0.108795780155702,-0.0399648913493706,-0.725943573467447,-1.11798451945131,1.18943775051794,0.573419722528442,-0.343175443256342,3.45107514786855,0.123985115726285,5.55707995580366,4.3891988360447,3.34738275173008,3.49322320120339,-0.275346155579868,2.12665477522043,1.74086927695029,1.33929575561874,0.387713346882791,0.214611682439951,0.974296173207478,1.0242599305635,0.391539692724805,2.22972936776591,3.87674206159927,1.41903849378535,1.69437629398375,-2.49933225279713,1.67414976655505,3.37090111995344,2.36462762805975,1.7728053467137,1.24137960221096,1.91334416315701,2.04553340356148,1.73469434223202,1.9119532499339,1.86206594609182,-9.04150628086718,
214,Serbia,SRB,,,,,,,,,,,,,,,,,,,,,,,,,,,,,,,,,,,,,6.36958237907767,7.50788223373337,3.73355315095354,-9.09570351412837,6.47147291411601,7.06270732214276,6.47847678049133,4.61006584286503,9.28288774951476,5.84786986827727,5.52189240110543,6.87196980103251,6.10631700958608,-2.34092820223162,1.13680433834465,2.84500960707238,-0.198378899470342,3.39452352049253,-1.12639732710853,2.31101588882194,3.88118476026682,2.64598586238259,5.0675948814029,4.89309425558007,-0.413904468120521,
222,Slovenia,SVN,,,,,,,,,,,,,,,,,,,,,,,,,,,,,,,,,,,,,3.26756516262765,5.19113246320715,3.50488183143129,5.25745342445383,3.36587756689673,3.05412350197929,3.3774180710591,2.89819727780511,4.29235521934484,3.61834092406035,5.40948263334755,6.38358892726794,3.34627954360531,-8.38031959236709,0.902771380289735,0.652023243217954,-2.84370502025251,-1.16352087549969,2.66713405933845,2.13325802761534,3.11634660116351,4.74710618321161,4.04458737932572,2.53409090453896,-4.7646789030922,
223,Sweden,SWE,,5.18461870799318,3.68560501298462,4.73593987507049,6.02605912784644,2.84825977766513,1.12398956848681,2.57537475620553,3.05769423138615,4.27371521964648,6.2923377448294,0.25243485508129,1.98692133889853,3.78893205282098,2.89918481310438,2.14625321936035,0.69123812295868,-1.94512714746683,1.45573375348818,3.61364751934548,1.49373315947172,0.334436785515663,1.19077537964918,1.85451507959307,4.13486528743741,1.99177410120959,2.45277261321839,3.00954776641653,2.08876051884084,1.97219126778978,-0.0207591755191316,-1.81751517304615,-1.73663035667379,-2.63280845177026,3.19395539969921,3.39126911487388,1.41792423811522,3.01152303333838,4.2539467085561,4.16597892777474,4.59825479417304,1.17750189231714,1.86487397389017,1.92983038350924,3.92730625670833,2.44824843978924,4.07571489749014,2.67500267083921,-1.22306957770027,-5.15126272885315,5.0526785726024,2.41898851140094,-1.32100232444557,0.333984863287881,1.64424400595537,3.39017629600058,0.79614630049835,1.19514757132167,0.772577449000039,0.957561656419784,-3.64699713705915,
232,Togo,TGO,,10.9746172411502,2.79315856093176,3.77728310975638,12.2015177227235,12.3135838437694,5.37599865094525,0.870284378316512,0.148274467520125,5.97667824550625,-1.38277526709976,-3.20931779635232,4.66055248314554,1.3234864681525,2.46289771794548,0.152804668903414,-4.19667828231127,4.66442389020401,8.55241182399216,-7.55048701943444,11.2863219793399,-6.46008490952508,-6.9986650063266,-8.89380787279499,1.72901325778491,1.91620234294629,-1.73753694089795,-2.63674971489979,3.49058721313978,1.20014171635172,-2.77417737812023,-2.97973084855194,-5.9980671593275,-16.8478814994716,12.4271999794559,5.14915892996142,5.77006834166649,10.8808187790924,-5.38974287912536,-0.691107453003767,-3.68379231967563,-1.92818101412701,1.14019682348845,4.04569511257506,-3.46228934613906,-7.11049362445368,-0.0437636582447283,-3.80381918899066,1.2730179680502,2.71117509929229,3.27673020218909,3.58715393000078,3.7458659821737,3.35202983973069,3.20095983265402,3.06917664636548,2.93357911261434,1.79243016113288,2.43974208945798,2.93818166189259,-0.660830190764798,
242,Trinidad and Tobago,TTO,,11.8163640871334,1.03420888068133,4.12320514660432,6.3579457698749,-0.313594041058366,3.21052743098915,1.37913266129065,4.5867617247259,2.03001693556774,2.63854482257833,-0.0587089372750711,4.42735712237638,0.220610234326827,2.29988788789512,0.026966601411857,4.93430836067471,7.64059604369369,8.51800248529453,2.13705371837732,8.7524666292979,2.94114786027733,2.1278066943168,-11.7231381949232,-7.13900172987094,-5.3657976247938,-4.34871529135697,-5.4526179371187,-4.6871534365311,-1.54192922610427,0.822282386880573,2.44236194542424,9.41845487187626,-1.22183828061061,3.07633499500224,3.42312975653213,6.84933575950886,7.32732562973055,7.96508078097887,7.83439581240617,6.6286983112854,3.80251652436006,7.46489170093072,13.8744747040835,7.40189821626736,5.68612491387563,12.6818033809258,4.28201716103951,2.9198686140016,-4.86017265044342,2.76130999915631,-0.894000091488451,0.619789045545446,1.55741932861172,-1.54016181358611,0.891688877509651,-6.0973259692669,-3.44273320815914,-0.350171817474873,-1.60945212003946,-8.15167997220753,
243,Tunisia,TUN,,,,,,,1.38055208843085,-1.94102498075289,8.02402966052016,2.46060520993323,2.38710929364395,8.15763428424287,15.1827384095595,-2.82183107967188,5.69794833892341,4.77059412699205,5.46129103880391,1.07950846270757,3.97800400797921,3.98347898045492,4.66699008050699,2.66022036301752,-3.28808305313866,1.7120930299309,2.81535925368786,2.847576318112,-3.91497783923016,4.16739932340641,-2.20857699892343,-0.523960131034713,5.56231386165219,1.61951721583364,5.47781681405716,0.0744626463061877,1.19970981195891,0.585308919201609,5.50507196354945,4.006830093568,3.51947469172535,4.91036682794808,3.68793310227578,2.88941873428219,0.528646976404914,3.92311794306748,5.41963575130755,2.62132298552712,4.26985110880931,5.63755142209669,3.13983637169446,1.95418835026373,2.444892243231,-2.6402994417231,2.90622557680651,1.15495879344083,1.68312549772698,-0.054598177447275,0.0082861647566119,1.08617526745563,1.34297688771908,0.278958759643274,-10.1344324357438,
244,Turkey,TUR,,-1.26824121031736,3.05992475355819,6.48646533089004,2.9732514016892,0.404279779146052,8.60230600865309,2.28014121168091,4.27852490507286,1.63944312080247,0.803637874137436,3.07147628902217,4.88113082462014,0.823373003268728,3.1233311731493,4.69930056226298,7.95368613923006,1.09563457673553,-0.746581984204425,-2.8293157701461,-4.62558029286949,2.49690859653467,1.22984143044675,2.6339705971983,4.40388191478253,2.07781671332864,4.88876381815864,7.40217622596077,0.447775658566812,-1.48630909947329,7.38307128079958,-0.967257706619733,3.32422636754058,5.93188317781865,-6.17585876100264,6.17718775010638,5.68679330346184,5.88612191639852,0.806059059307017,-4.75058628120718,5.32213581967065,-7.14784559743271,4.89033071728603,4.25244605284489,8.28603300972621,7.55969738600983,5.62064533866236,3.79798749744459,-0.382922616460633,-6.02791266949811,6.91960656691013,9.50998315735163,3.09310182280637,6.66488362329136,3.16809082362309,4.32812777141611,1.6424634093915,5.79426441255653,1.44952251842886,-0.427943737218101,0.695873101348994,
248,Ukraine,UKR,,,,,,,,,,,,,,,,,,,,,,,,,,,,,2.1125677007273,3.36751106790815,-6.55892610928559,-8.89155258122535,-10.1589815226728,-14.2473568011774,-22.5171832808822,-11.5035695982356,-9.19796779336406,-2.11195265897913,-1.01944859356455,0.745281233643325,6.97135013675239,9.9494311830075,6.34475885759784,10.4088162686168,12.6466243493685,3.82931156362719,8.30113161817161,8.8636849937272,2.79863846719253,-14.7589713643313,4.5063460295945,5.82514472694345,0.399973331511845,0.273493436211254,-4.87524629973768,-9.44383110963591,2.85479785845692,2.810645078612,4.0163856007363,3.79371893400872,-3.35052826556826,
250,Uruguay,URY,,1.17648516630709,-2.79173024922159,-1.01716050888665,1.27759399674898,-0.0476759945624394,1.9903912609805,-4.61042472993249,0.983032119560036,5.0967674433482,1.79557958800348,-0.551988147157346,-1.43061541447751,0.251961707972015,2.82309438459392,5.86910096828532,3.52581816980005,0.901940170216193,4.68635044001012,5.46712080102003,5.12797319712381,0.89388745248354,-10.3452995540322,-10.8537280956045,-1.7770094497006,0.81730928245878,8.12290991802791,7.32277951041489,0.848218095647809,0.452844385876389,-0.379826880099344,2.80949409463635,7.15140516255856,1.9056410118327,6.49662670678887,-2.15446262860219,4.82667728723879,7.79170337234152,3.85529634470838,-2.44172846648158,-2.27642341200593,-4.01001509054933,-7.74795830698484,0.87761999347893,5.07291993422521,7.45000659393209,3.98575757274513,6.33845299381075,6.90443582194584,3.94925012380951,7.49542953942282,4.8608114597729,3.23025835860571,4.31459013547868,2.90473540295746,0.0302704170296124,1.32968121444294,1.25792913208215,0.109558005853614,-0.0101989840723036,-6.18382416027808,
251,United States,USA,,0.618121192654741,4.48066935423358,2.90827194808753,4.34054896320299,5.07809761043293,5.27711385836413,1.38995128628369,3.75881936763187,2.09736970647879,-1.50087648707766,1.99560024848533,4.13809674916803,4.64215575918362,-1.44513435462541,-1.18458141140461,4.39146287315934,3.57714670598315,4.42298460840999,2.03388706760026,-1.20929826622886,1.53632027163708,-2.73456972906553,3.63197930451665,6.312167663412,3.25065641495195,2.51088597322051,2.53862353181282,3.23541610148099,2.69816668204892,0.741486100606451,-1.43420012129813,2.09661276120214,1.40570855626423,2.76088230054073,1.46871823682066,2.57225920638291,3.13259494968293,3.27052405029819,3.55719308636057,2.97520862932463,0.0036489757827098,0.802103853582764,1.98092583511948,2.84268063989242,2.5635024091702,1.86795551589975,0.911865593620419,-1.07670008481743,-3.38743566168993,1.71640025696944,0.815453101425561,1.50218790452286,1.13889660200263,1.77683770330539,2.31944145566627,0.977012681566976,1.68732140604138,2.45567919884604,1.69701129870931,-3.74296151216517,
263,South Africa,ZAF,,1.32813350673824,3.57038124600797,4.70765995975282,5.23706908363491,3.44826424586999,1.79471650825609,4.47236629285079,1.49126922382743,2.01742959276329,2.51271581809247,1.53926057521225,-1.03599691712134,1.81012762324622,3.34748239168626,-0.898459039226708,-0.289657670821356,-2.52378505125151,0.516707781995279,1.2230587768295,3.89709931658216,2.57228058840937,-3.08391231341521,-4.51721682682292,2.30070667087392,-3.7426123668733,-2.421939517073,-0.286052935189787,1.81582781244045,0.031839395034055,-2.67559240763123,-3.42839609042525,-4.55033786596192,-1.22145543495758,0.833183662695419,0.931045748672773,2.31171506367718,0.818418244192401,-1.09853686791526,0.884291899597599,2.74209440515851,1.33981173728463,2.39793020930182,1.69680816971494,3.28905505397188,3.98202620194472,4.27776820795123,4.00849453683342,1.82349722375925,-2.8987326378043,1.55107263897287,1.60766536815335,0.789721589438102,0.8543441977219,-0.179700598883201,-0.218801180743498,-0.806311266588793,-0.265300653069517,0.113021477550987,-1.19609144119572,-7.61587550157316,
